<?xml version="1.0" encoding="utf-8"?>
<PlacemarkCollections>
    <PlacemarkCollection>
        <name>Test 1</name>
        <description>Description 1</description>
        <category>Category 1</category>
        <source>Source 1</source>
    </PlacemarkCollection>
    <PlacemarkCollection>
        <name>Test 2</name>
        <description>Description 2</description>
        <description lang="ITA">Descrizione 2</description>
        <description lang="XXX">XXX 2</description>
        <category>Category 2</category>
        <source>Source 2</source>
    </PlacemarkCollection>
</PlacemarkCollections>
